{
  "model": "delta_wt:melee/cobra_vanguard_geo",
  "animation": "delta_wt:melee/cobra_vanguard",
  "state_machine": "delta_wt:cobra_vanguard_state_machine",
  "texture": "delta_wt:melee/cobra_vanguard_uv",
  "slot_texture": "delta_wt:melee/slot/cobra_vanguard",
  "sounds": {
    "attack_left_hit": "delta_wt:entity.player.flash.hit",
    "attack_right_hit": "delta_wt:entity.player.flash.hit",
    "crit": "delta_wt:entity.player.flash.hit"
  },
  "transforms": {
    "thirdperson_righthand": {
      "rotation": [90, 0, 0]
    },
    "thirdperson_lefthand": {
      "rotation": [90, 0, 0]
    },
    "fixed": {
      "rotation": [90, 0, 90],
      "translation": [1.5, 0, 0],
      "scale": [1.3, 1.3, 1.3]
    }
  }
}