{
  "model": "delta_wt:melee/mercy_geo",
  "animation": "delta_wt:melee/mercy",
  "state_machine": "delta_wt:mercy_state_machine",
  "texture": "delta_wt:melee/mercy_uv",
  "slot_texture": "delta_wt:melee/slot/mercy",
  "sounds": {
    "attack_left_hit": "delta_wt:entity.player.flash.hit",
    "attack_right_hit": "delta_wt:entity.player.flash.hit",
    "crit": "delta_wt:entity.player.flash.hit"
  },
  "transforms": {
    "thirdperson_righthand": {
      "rotation": [90, 0, 0]
    },
    "thirdperson_lefthand": {
      "rotation": [90, 0, 0]
    },
    "fixed": {
      "rotation": [90, 0, 90],
      "translation": [1, -1.25, 0],
      "scale": [1.5, 1.5, 1.5]
    }
  }
}