{
  "model": "delta_wt:melee/silencefd_geo",
  "animation": "delta_wt:melee/silencefd",
  "state_machine": "delta_wt:silencefd_state_machine",
  "texture": "delta_wt:melee/silencefd_uv",
  "slot_texture": "delta_wt:melee/slot/silencefd",
  "sounds": {
    "attack_left_hit": "delta_wt:entity.player.flash.hit",
    "attack_right_hit": "delta_wt:entity.player.flash.hit",
    "crit": "delta_wt:entity.player.flash.hit"
  },
  "transforms": {
    "thirdperson_righthand": {
      "translation": [0, 2.5, 1]
    },
    "thirdperson_lefthand": {
      "translation": [0, 2.5, 1]
    },
    "ground": {
      "rotation": [45, 0, 0],
      "translation": [0, 6, 0]
    },
    "gui": {
      "rotation": [0, 0, -45],
      "translation": [4.5, 4, 0]
    },
    "head": {
      "translation": [0, 4.75, 0]
    },
    "fixed": {
      "translation": [0, 11, 0],
      "rotation": [0, 90, 0],
      "scale": [2, 2, 2]
    }
  }
}