{
  "type": "tacz:gun_smith_table_crafting",
  "materials": [
    {
      "item": {
        "tag": "forge:ingots/netherite"
      },
      "count": 2
    },
    {
      "item": {
        "tag": "forge:ingots/gold"
      },
      "count": 1
    },
    {
      "item": {
        "tag": "forge:ingots/iron"
      },
      "count": 2
    }
  ],
  "result": {
    "type": "custom",
    "group": "lrtactical:melee",
    "item": {
      "item": "lrtactical:melee",
      "nbt": {
        "MeleeWeaponId": "delta_wt:cobra_vanguard"
      }
    }
  }
}