{
  "name": "item.ab_wt.carian_knight_sword",
  "type": "lrtactical:normal",
  "base_item": "lrtactical:melee",
  "data": {
    "attributes": {
      "generic.attack_damage": 19,
      "minecraft:generic.movement_speed": {
        "amount": -0.35,
        "operation": "percent"
      }
    },
    // tick
    "draw_time": 19,
    // tick
    "put_away_time": 1,
    "attack": {
      "attack_left": {
        // 伤害倍率
        "factor": 1.2,
        // 击退
        "knockback": 0.35,
        // 攻击冷却(tick)
        "cooldown": 16,
        // 延迟出伤(tick)
        "delay": 8,
        // 判定类型
        "hitbox": {
          // 圆锥区域
          "type": "cone",
          // 最大距离
          "max_range": 6,
          // 角度
          "max_angle": 120,
          // 排除自己
          "exclude_self": true
        }
      },
      "attack_right": {
        // 伤害倍率
        "factor": 2.0,
        // 击退
        "knockback": 0.6,
        // 攻击冷却(tick)
        "cooldown": 25,
        // 延迟出伤(tick)
        "delay": 12,
        // 判定类型
        "hitbox": {
          // 圆锥区域
          "type": "cone",
          // 最大距离
          "max_range": 8,
          // 角度
          "max_angle": 50,
          // 排除自己
          "exclude_self": true
        }
      }
    }
  }
}